{
  "supportscredentials":true,
  "exposedheaders":[
    ""
  ],
  "supportedmethods":[
    "GET",
    "HEAD",
    "POST"
  ],
  "alloworigin":[
    "*"

  ],
  "maxage:Integer": 1800,
  "alloworiginregexp":[
    ".*"
  ],
  "allowedpaths":[
    "/libs/granite/csrf/token.json",
    "/(content|conf)/adobedemosystemprogram49.*",
    "/bin/gen-ai/*"
  ],
  "supportedheaders":[
    "Origin",
    "Accept",
    "X-Requested-With",
    "Content-Type",
    "Access-Control-Request-Method",
    "Access-Control-Request-Headers",
    "Authorization",
    "CSRF-Token"
  ]
}
